NPage,Link
1,https://www.catho.com.br/vagas/engenheiro-de-dados/
2,https://www.catho.com.br/vagas/engenheiro-de-dados/?q=engenheiro%20de%20dados&page=2
3,https://www.catho.com.br/vagas/engenheiro-de-dados/?q=engenheiro%20de%20dados&page=3
4,https://www.catho.com.br/vagas/engenheiro-de-dados/?q=engenheiro%20de%20dados&page=4
5,https://www.catho.com.br/vagas/engenheiro-de-dados/?q=engenheiro%20de%20dados&page=5
6,https://www.catho.com.br/vagas/engenheiro-de-dados/?q=engenheiro%20de%20dados&page=6
7,https://www.catho.com.br/vagas/engenheiro-de-dados/?q=engenheiro%20de%20dados&page=7
8,https://www.catho.com.br/vagas/engenheiro-de-dados/?q=engenheiro%20de%20dados&page=8
9,https://www.catho.com.br/vagas/engenheiro-de-dados/?q=engenheiro%20de%20dados&page=9
10,https://www.catho.com.br/vagas/engenheiro-de-dados/?q=engenheiro%20de%20dados&page=10
